50.69	-1.702
50.7	-1.758
50.71	-1.846
50.73	-1.854
50.74	-1.875
50.75	-1.869
50.76	-1.811
50.77	-1.801
50.78	-1.773
50.79	-1.727
50.8	-1.715
50.82	-1.775
50.83	-1.748
50.84	-1.759
50.85	-1.79
50.86	-1.763
50.87	-1.823
50.9	-1.895
50.91	-1.859
50.92	-1.887
50.94	-1.903
50.95	-1.909
50.97	-1.8
50.98	-1.822
50.99	-1.793
51	-1.79
51.01	-1.748
51.02	-1.813
51.03	-1.768
51.04	-1.797
51.05	-1.809
51.06	-1.798
51.07	-1.822
51.08	-1.803
51.09	-1.8
51.1	-1.805
51.11	-1.83
51.12	-1.808
51.14	-1.86
51.15	-1.845
51.16	-1.851
51.17	-1.905
51.18	-1.834
51.19	-1.811
51.2	-1.777
51.21	-1.698
51.23	-1.761
51.24	-1.778
51.25	-1.715
51.26	-1.706
51.27	-1.767
51.28	-1.731
51.3	-1.737
51.31	-1.796
51.32	-1.747
51.33	-1.752
51.34	-1.698
51.35	-1.681
51.37	-1.738
51.38	-1.664
51.39	-1.654
51.4	-1.636
51.44	-1.778
51.45	-1.777
51.46	-1.849
51.48	-1.812
51.49	-1.775
51.5	-1.77
51.51	-1.78
51.53	-1.731
51.55	-1.759
51.57	-1.768
51.58	-1.766
51.59	-1.772
51.61	-1.704
51.62	-1.752
51.63	-1.774
51.64	-1.778
51.65	-1.765
51.67	-1.612
51.68	-1.624
51.69	-1.652
51.7	-1.632
51.71	-1.696
51.73	-1.65
51.74	-1.691
51.75	-1.662
51.76	-1.69
51.77	-1.679
51.78	-1.701
51.79	-1.631
51.8	-1.624
51.81	-1.606
51.82	-1.569
51.84	-1.641
51.85	-1.637
51.86	-1.65
51.87	-1.63
51.88	-1.635
51.89	-1.625
51.9	-1.639
51.91	-1.568
51.92	-1.546
51.94	-1.53
51.95	-1.526
51.96	-1.555
51.97	-1.601
51.98	-1.552
51.99	-1.544
52	-1.514
52.01	-1.526
52.03	-1.46
52.04	-1.5
52.05	-1.502
52.06	-1.537
52.07	-1.491
52.08	-1.482
52.09	-1.454
52.11	-1.509
52.12	-1.482
52.13	-1.473
52.14	-1.43
52.15	-1.437
52.16	-1.414
52.18	-1.49
52.19	-1.499
52.2	-1.53
52.21	-1.534
52.23	-1.477
52.24	-1.508
52.25	-1.487
52.26	-1.495
52.28	-1.444
52.29	-1.411
52.3	-1.442
52.31	-1.403
52.32	-1.428
52.33	-1.427
52.34	-1.41
52.35	-1.44
52.36	-1.406
52.37	-1.413
52.39	-1.447
52.4	-1.424
52.41	-1.475
52.42	-1.473
52.43	-1.442
52.45	-1.491
52.46	-1.496
52.47	-1.49
52.48	-1.546
52.49	-1.525
52.5	-1.535
52.51	-1.466
52.52	-1.477
52.53	-1.473
52.54	-1.499
52.55	-1.488
52.56	-1.518
52.57	-1.493
52.58	-1.519
52.59	-1.509
52.6	-1.451
52.61	-1.464
52.63	-1.472
52.64	-1.482
52.65	-1.451
52.66	-1.452
52.67	-1.463
52.7	-1.376
52.71	-1.364
52.72	-1.369
52.73	-1.407
52.74	-1.339
52.75	-1.343
52.76	-1.301
52.77	-1.378
52.78	-1.398
52.79	-1.44
52.8	-1.425
52.81	-1.436
52.82	-1.386
52.83	-1.408
52.85	-1.297
52.87	-1.35
52.88	-1.406
52.89	-1.434
52.9	-1.416
52.91	-1.408
52.92	-1.418
52.94	-1.379
52.95	-1.366
52.96	-1.371
52.97	-1.309
52.98	-1.346
52.99	-1.35
53	-1.37
53.01	-1.351
53.02	-1.321
53.03	-1.319
53.05	-1.293
53.06	-1.256
53.07	-1.251
53.08	-1.299
53.09	-1.295
53.1	-1.232
53.11	-1.252
53.12	-1.298
53.13	-1.287
53.15	-1.199
53.17	-1.199
53.18	-1.209
53.19	-1.15
53.2	-1.182
53.22	-1.167
53.25	-1.342
53.26	-1.321
53.27	-1.322
53.28	-1.373
53.29	-1.364
53.3	-1.345
53.31	-1.374
53.32	-1.315
53.33	-1.331
53.34	-1.267
53.35	-1.263
53.36	-1.315
53.38	-1.276
53.39	-1.325
53.4	-1.294
53.41	-1.299
53.42	-1.207
53.43	-1.207
53.44	-1.163
53.45	-1.181
53.46	-1.216
53.47	-1.207
53.48	-1.155
53.49	-1.166
53.5	-1.123
53.51	-1.118
53.52	-1.135
53.53	-1.137
53.54	-1.178
53.55	-1.155
53.56	-1.19
53.57	-1.153
53.58	-1.151
53.6	-1.1
53.61	-1.129
53.62	-1.099
53.64	-1.143
53.65	-1.127
53.67	-1.159
53.68	-1.124
53.7	-1.155
53.73	-1.274
53.74	-1.253
53.75	-1.247
53.77	-1.176
53.79	-1.167
53.8	-1.185
53.81	-1.188
53.82	-1.186
53.83	-1.157
53.84	-1.219
53.86	-1.262
53.87	-1.241
53.88	-1.2
53.9	-1.248
53.91	-1.253
53.93	-1.238
53.95	-1.313
53.98	-1.225
53.99	-1.277
54	-1.249
54.01	-1.27
54.02	-1.266
54.03	-1.179
54.05	-1.2
54.06	-1.179
54.07	-1.181
54.08	-1.148
54.09	-1.201
54.1	-1.176
54.12	-1.232
54.13	-1.233
54.14	-1.206
54.15	-1.22
54.17	-1.151
54.18	-1.125
54.19	-1.136
54.2	-1.125
54.21	-1.126
54.22	-1.114
54.23	-1.115
54.25	-1.18
54.26	-1.192
54.27	-1.186
54.28	-1.169
54.29	-1.184
54.3	-1.217
54.31	-1.179
54.32	-1.173
54.33	-1.194
54.34	-1.17
54.35	-1.198
54.36	-1.203
54.37	-1.188
54.38	-1.228
54.39	-1.227
54.41	-1.272
54.42	-1.263
54.43	-1.288
54.44	-1.294
54.45	-1.365
54.46	-1.359
54.47	-1.369
54.48	-1.372
54.49	-1.391
54.5	-1.334
54.51	-1.359
54.52	-1.35
54.53	-1.314
54.54	-1.311
54.57	-1.279
54.58	-1.279
54.59	-1.311
54.61	-1.297
54.62	-1.31
54.63	-1.308
54.64	-1.242
54.66	-1.259
54.67	-1.225
54.7	-1.292
54.71	-1.304
54.72	-1.328
54.73	-1.27
54.75	-1.324
54.76	-1.308
54.79	-1.208
54.8	-1.266
54.81	-1.264
54.82	-1.245
54.83	-1.265
54.85	-1.273
54.86	-1.208
54.87	-1.244
54.89	-1.207
54.91	-1.263
54.93	-1.181
54.94	-1.215
54.96	-1.175
54.97	-1.158
54.98	-1.2
54.99	-1.193
55	-1.228
55.01	-1.233
55.02	-1.178
55.03	-1.207
55.05	-1.303
55.06	-1.254
55.07	-1.299
55.08	-1.253
55.09	-1.254
55.11	-1.29
55.12	-1.29
55.13	-1.279
55.14	-1.315
55.15	-1.312
55.16	-1.303
55.17	-1.301
55.19	-1.229
55.2	-1.284
55.21	-1.285
55.22	-1.274
55.23	-1.236
55.24	-1.238
55.25	-1.267
55.26	-1.225
55.28	-1.295
55.29	-1.261
55.31	-1.275
55.33	-1.369
55.35	-1.367
55.36	-1.394
55.37	-1.363
55.38	-1.373
55.39	-1.398
55.4	-1.401
55.41	-1.437
55.42	-1.427
55.43	-1.425
55.44	-1.408
55.45	-1.439
55.46	-1.416
55.47	-1.456
55.48	-1.461
55.49	-1.491
55.5	-1.442
55.51	-1.458
55.52	-1.464
55.53	-1.494
55.54	-1.499
55.55	-1.532
55.56	-1.528
55.57	-1.503
55.58	-1.451
55.6	-1.537
55.61	-1.558
55.62	-1.562
55.63	-1.573
55.64	-1.548
55.65	-1.59
55.66	-1.589
55.67	-1.568
55.68	-1.523
55.7	-1.54
55.71	-1.514
55.72	-1.528
55.73	-1.484
55.74	-1.499
55.75	-1.526
55.76	-1.536
55.78	-1.637
55.81	-1.604
55.82	-1.659
55.85	-1.728
55.86	-1.72
55.87	-1.778
55.88	-1.778
55.89	-1.761
55.9	-1.76
55.91	-1.723
55.92	-1.717
55.93	-1.741
55.94	-1.703
55.97	-1.763
55.98	-1.815
55.99	-1.826
56	-1.865
56.02	-1.89
56.03	-1.842
56.04	-1.819
56.05	-1.82
56.06	-1.767
56.08	-1.837
56.09	-1.83
56.1	-1.841
56.12	-1.925
56.13	-1.88
56.14	-1.883
56.15	-1.833
56.17	-1.817
56.18	-1.775
56.19	-1.761
56.2	-1.784
56.21	-1.782
56.23	-1.821
56.27	-1.737
56.28	-1.708
56.29	-1.734
56.3	-1.734
56.31	-1.708
56.32	-1.735
56.33	-1.725
56.35	-1.671
56.36	-1.689
56.37	-1.639
56.39	-1.739
56.4	-1.748
56.41	-1.708
56.43	-1.766
56.44	-1.74
56.45	-1.764
56.48	-1.721
56.49	-1.765
56.52	-1.68
56.53	-1.715
56.54	-1.699
56.55	-1.716
56.57	-1.694
56.59	-1.658
56.6	-1.66
56.61	-1.654
56.62	-1.62
56.63	-1.604
56.64	-1.627
56.65	-1.602
56.66	-1.605
56.67	-1.628
56.69	-1.568
56.7	-1.549
56.71	-1.596
56.72	-1.576
56.73	-1.578
56.75	-1.6
56.76	-1.583
56.77	-1.584
56.78	-1.509
56.79	-1.494
56.81	-1.53
56.83	-1.51
56.84	-1.483
56.85	-1.528
56.86	-1.538
56.88	-1.504
56.9	-1.549
56.92	-1.463
56.94	-1.403
56.96	-1.415
56.97	-1.359
56.98	-1.395
56.99	-1.394
57	-1.349
57.01	-1.359
57.03	-1.428
57.04	-1.431
57.06	-1.511
57.08	-1.459
57.09	-1.502
57.11	-1.532
57.12	-1.529
57.13	-1.461
57.14	-1.477
57.16	-1.553
57.18	-1.528
57.2	-1.6
57.22	-1.532
57.23	-1.562
57.24	-1.531
57.25	-1.525
57.26	-1.49
57.27	-1.4
57.28	-1.4
57.31	-1.326
57.32	-1.342
57.34	-1.237
57.35	-1.292
57.36	-1.287
57.37	-1.27
57.39	-1.31
57.41	-1.337
57.42	-1.33
57.44	-1.284
57.46	-1.32
57.47	-1.323
57.48	-1.315
57.49	-1.295
57.5	-1.309
57.51	-1.295
57.52	-1.301
57.53	-1.291
57.54	-1.319
57.55	-1.278
57.56	-1.327
57.57	-1.312
57.58	-1.348
57.59	-1.327
57.6	-1.35
57.61	-1.306
57.62	-1.322
57.63	-1.317
57.64	-1.34
57.65	-1.297
57.67	-1.346
57.68	-1.377
57.69	-1.365
57.71	-1.384
57.72	-1.377
57.73	-1.383
57.74	-1.344
57.75	-1.357
57.77	-1.329
57.78	-1.329
57.79	-1.341
57.8	-1.411
57.81	-1.439
57.84	-1.467
57.85	-1.499
57.88	-1.363
57.89	-1.384
57.9	-1.448
57.91	-1.478
57.92	-1.489
57.93	-1.479
57.96	-1.542
57.97	-1.514
57.98	-1.545
57.99	-1.532
58	-1.51
58.01	-1.527
58.02	-1.571
58.03	-1.537
58.04	-1.465
58.05	-1.439
58.06	-1.433
58.07	-1.384
58.09	-1.384
58.11	-1.333
58.12	-1.364
58.13	-1.367
58.14	-1.321
58.16	-1.327
58.17	-1.308
58.18	-1.307
58.19	-1.319
58.2	-1.265
58.21	-1.295
58.22	-1.275
58.23	-1.339
58.24	-1.323
58.25	-1.339
58.26	-1.342
58.27	-1.352
58.28	-1.324
58.29	-1.36
58.3	-1.352
58.31	-1.381
58.33	-1.338
58.35	-1.342
58.37	-1.294
58.38	-1.289
58.39	-1.273
58.4	-1.228
58.41	-1.228
58.42	-1.194
58.43	-1.217
58.44	-1.196
58.46	-1.107
58.47	-1.093
58.48	-1.158
58.49	-1.122
58.52	-1.088
58.53	-1.078
58.54	-1.041
58.55	-1.059
58.56	-1.047
58.57	-1.071
58.59	-1.148
58.6	-1.14
58.61	-1.074
58.62	-1.099
58.63	-1.109
58.64	-1.099
58.65	-1.109
58.68	-1.041
58.69	-1.041
58.7	-1.063
58.71	-1.026
58.72	-1.02
58.73	-1.043
58.74	-1.027
58.75	-1.029
58.76	-1.077
58.77	-1.062
58.78	-1.064
58.79	-0.9677
58.8	-0.961
58.82	-1.058
58.83	-1.06
58.84	-1.041
58.85	-0.977
58.87	-1.004
58.89	-1.037
58.9	-1.062
58.92	-1.136
58.93	-1.097
58.94	-1.122
58.95	-1.172
58.96	-1.169
58.98	-1.104
58.99	-1.099
59	-1.114
59.01	-1.106
59.02	-1.105
59.03	-1.075
59.05	-1.046
59.06	-1.023
59.07	-1.05
59.08	-1.05
59.09	-1.074
59.1	-1.011
59.11	-1.091
59.12	-1.066
59.13	-1.085
59.15	-1.032
59.16	-1.018
59.17	-0.9828
59.18	-0.9674
59.2	-1.011
59.21	-1.061
59.22	-1.05
59.23	-1.098
59.24	-1.103
59.26	-1.065
59.27	-1.063
59.28	-1.074
59.29	-1.099
59.3	-1.169
59.31	-1.161
59.32	-1.134
59.33	-1.145
59.34	-1.145
59.35	-1.136
59.36	-1.142
59.37	-1.088
59.38	-1.096
59.39	-1.136
59.4	-1.129
59.42	-1.157
59.43	-1.147
59.45	-1.079
59.46	-1.105
59.47	-1.094
59.49	-1.18
59.5	-1.174
59.52	-1.23
59.53	-1.215
59.55	-1.138
59.56	-1.152
59.58	-1.074
59.59	-1.122
59.6	-1.087
59.61	-1.135
59.62	-1.141
59.63	-1.093
59.64	-1.084
59.66	-1.014
59.67	-0.9456
59.68	-0.988
59.69	-0.9964
59.72	-0.9929
59.75	-1.076
59.76	-1.117
59.78	-1.02
59.79	-1.018
59.8	-0.9701
59.82	-0.9773
59.83	-0.9894
59.84	-0.9745
59.85	-0.9927
59.86	-1.048
59.87	-1.022
59.89	-1.009
59.91	-1.054
59.92	-1.12
59.94	-1.109
59.95	-1.064
59.96	-1.117
59.97	-1.129
59.98	-1.074
60	-1.197
60.01	-1.164
60.02	-1.153
60.03	-1.157
60.05	-1.106
60.06	-1.127
60.07	-1.136
60.09	-1.107
60.1	-1.116
60.11	-1.059
60.12	-1.091
60.13	-1.103
60.15	-1.04
60.16	-0.9777
60.17	-0.9833
60.2	-0.8222
60.21	-0.7976
60.22	-0.8146
60.23	-0.7732
60.24	-0.8184
60.25	-0.8364
60.26	-0.8099
60.27	-0.8251
60.31	-0.6909
60.33	-0.7525
60.34	-0.7509
60.35	-0.8151
60.36	-0.7919
60.37	-0.7986
60.38	-0.7796
60.39	-0.779
60.4	-0.7431
60.41	-0.7609
60.42	-0.7917
60.43	-0.797
60.44	-0.7771
60.48	-0.6472
60.5	-0.6714
60.51	-0.6921
60.52	-0.6499
60.53	-0.6757
60.55	-0.6288
60.56	-0.6937
60.57	-0.6832
60.58	-0.6966
60.6	-0.7875
60.61	-0.7864
60.62	-0.8006
60.63	-0.7962
60.64	-0.8162
60.65	-0.8132
60.68	-0.889
60.69	-0.89
60.71	-0.8548
60.72	-0.849
60.73	-0.8296
60.75	-0.8457
60.76	-0.8722
60.77	-0.8655
60.79	-0.9608
60.8	-1.003
60.82	-0.935
60.83	-0.9268
60.84	-0.9399
60.87	-0.8168
60.88	-0.7606
60.89	-0.7453
60.91	-0.7968
60.92	-0.7746
60.93	-0.7952
60.94	-0.7661
60.95	-0.7197
60.96	-0.6983
60.97	-0.7182
60.98	-0.7221
60.99	-0.6758
61	-0.6637
61.01	-0.6279
61.02	-0.6679
61.03	-0.6225
61.06	-0.6846
61.07	-0.6801
61.08	-0.646
61.09	-0.715
61.1	-0.7416
61.11	-0.7451
61.12	-0.7991
61.13	-0.7689
61.14	-0.762
61.15	-0.7274
61.16	-0.7157
61.17	-0.719
61.18	-0.7486
61.22	-0.6925
61.23	-0.7085
61.24	-0.7531
61.25	-0.7411
61.26	-0.8151
61.3	-0.9438
61.31	-0.9462
61.32	-0.9664
61.33	-0.9656
61.34	-0.9721
61.37	-1.071
61.38	-1.044
61.39	-1.066
61.4	-1.019
61.41	-1.06
61.42	-1.013
61.43	-1.007
61.44	-1.017
61.45	-1.073
61.46	-1.043
61.47	-1.073
61.48	-1.076
61.49	-1.048
61.5	-1.049
61.51	-1.024
61.53	-1.036
61.54	-1.065
61.56	-1.057
61.57	-1.114
61.58	-1.077
61.59	-1.068
61.61	-1.139
61.62	-1.159
61.65	-1.116
61.66	-1.126
61.67	-1.146
61.68	-1.147
61.69	-1.185
61.7	-1.164
61.72	-1.231
61.73	-1.232
61.75	-1.209
61.76	-1.223
61.77	-1.21
61.78	-1.169
61.79	-1.188
61.8	-1.153
61.81	-1.138
61.82	-1.166
61.84	-1.153
61.85	-1.115
61.86	-1.146
61.87	-1.158
61.88	-1.217
61.89	-1.231
61.9	-1.262
61.91	-1.239
61.92	-1.243
61.94	-1.189
61.95	-1.187
61.96	-1.21
61.97	-1.189
61.98	-1.182
61.99	-1.159
62	-1.193
62.01	-1.174
62.02	-1.167
62.03	-1.172
62.04	-1.141
62.05	-1.134
62.06	-1.141
62.07	-1.141
62.08	-1.125
62.09	-1.145
62.1	-1.129
62.12	-1.15
62.13	-1.22
62.14	-1.243
62.15	-1.235
62.16	-1.186
62.17	-1.194
62.18	-1.187
62.19	-1.186
62.2	-1.131
62.21	-1.113
62.22	-1.117
62.23	-1.094
62.25	-1.168
62.26	-1.172
62.27	-1.149
62.28	-1.175
62.29	-1.147
62.3	-1.194
62.31	-1.181
62.32	-1.126
62.34	-1.095
62.35	-1.108
62.36	-1.17
62.37	-1.165
62.38	-1.19
62.39	-1.192
62.4	-1.199
62.43	-1.16
62.44	-1.162
62.47	-1.263
62.48	-1.256
62.49	-1.237
62.5	-1.238
62.52	-1.301
62.53	-1.283
62.54	-1.315
62.55	-1.289
62.56	-1.301
62.57	-1.331
62.58	-1.329
62.6	-1.383
62.61	-1.376
62.63	-1.383
62.66	-1.421
62.67	-1.397
62.68	-1.39
62.69	-1.356
62.7	-1.431
62.71	-1.421
62.72	-1.435
62.73	-1.516
62.74	-1.53
62.75	-1.523
62.76	-1.533
62.77	-1.557
62.78	-1.601
62.79	-1.609
62.8	-1.578
62.82	-1.592
62.84	-1.465
62.85	-1.469
62.86	-1.422
62.87	-1.412
62.88	-1.413
62.89	-1.39
62.9	-1.429
62.92	-1.351
62.93	-1.329
62.94	-1.374
62.95	-1.342
62.96	-1.372
62.97	-1.337
62.98	-1.361
62.99	-1.353
63	-1.363
63.01	-1.394
63.02	-1.369
63.03	-1.385
63.04	-1.36
63.05	-1.358
63.06	-1.367
63.07	-1.369
63.08	-1.334
63.09	-1.353
63.11	-1.319
63.12	-1.308
63.13	-1.317
63.14	-1.278
63.15	-1.282
63.17	-1.255
63.18	-1.254
63.19	-1.243
63.2	-1.291
63.21	-1.311
63.22	-1.311
63.23	-1.331
63.24	-1.298
63.26	-1.309
63.27	-1.286
63.29	-1.324
63.31	-1.24
63.32	-1.267
63.33	-1.264
63.34	-1.269
63.37	-1.161
63.38	-1.181
63.39	-1.126
63.4	-1.168
63.41	-1.137
63.42	-1.142
63.43	-1.153
63.44	-1.095
63.45	-1.08
63.46	-1.085
63.47	-1.074
63.48	-1.093
63.5	-1.038
63.51	-1.029
63.52	-1.056
63.53	-1.049
63.54	-1.065
63.55	-1.046
63.56	-1.009
63.57	-1.038
63.58	-1.027
63.61	-1.113
63.62	-1.076
63.63	-1.066
63.65	-1.078
63.68	-0.944
63.69	-0.9321
63.7	-0.9302
63.71	-0.9467
63.72	-0.9416
63.73	-0.9428
63.75	-0.9759
63.76	-0.9749
63.77	-0.9859
63.79	-0.9888
63.8	-0.9946
63.81	-1.016
63.83	-1.088
63.84	-1.106
63.85	-1.081
63.86	-1.08
63.88	-1.146
63.89	-1.125
63.9	-1.128
63.92	-1.154
63.93	-1.131
63.94	-1.166
63.95	-1.159
63.97	-1.107
63.98	-1.119
63.99	-1.12
64.03	-1.029
64.05	-0.9697
64.07	-0.9819
64.08	-1.016
64.1	-1.118
64.11	-1.132
64.12	-1.136
64.13	-1.119
64.14	-1.132
64.15	-1.157
64.16	-1.117
64.17	-1.147
64.19	-1.169
64.2	-1.189
64.22	-1.103
64.23	-1.132
64.24	-1.194
64.25	-1.187
64.27	-1.201
64.28	-1.187
64.29	-1.182
64.3	-1.198
64.31	-1.19
64.33	-1.247
64.34	-1.248
64.35	-1.255
64.36	-1.294
64.37	-1.307
64.38	-1.333
64.39	-1.342
64.4	-1.335
64.41	-1.337
64.42	-1.359
64.43	-1.366
64.45	-1.305
64.46	-1.32
64.47	-1.289
64.48	-1.291
64.49	-1.255
64.5	-1.253
64.51	-1.274
64.53	-1.248
64.54	-1.291
64.55	-1.282
64.56	-1.239
64.57	-1.23
64.58	-1.212
64.59	-1.229
64.61	-1.18
64.62	-1.202
64.63	-1.198
64.64	-1.209
64.65	-1.253
64.67	-1.217
64.68	-1.216
64.69	-1.194
64.7	-1.229
64.71	-1.24
64.72	-1.194
64.73	-1.176
64.74	-1.141
64.75	-1.129
64.76	-1.093
64.77	-1.116
64.79	-1.088
64.8	-1.051
64.81	-1.103
64.82	-1.118
64.83	-1.09
64.84	-1.098
64.85	-1.085
64.86	-1.131
64.87	-1.114
64.89	-1.104
64.91	-1.105
64.92	-1.096
64.93	-1.071
64.95	-1.097
64.96	-1.125
64.97	-1.117
64.98	-1.12
64.99	-1.105
65	-1.161
65.01	-1.14
65.02	-1.143
65.03	-1.138
65.04	-1.164
65.06	-1.135
65.07	-1.162
65.08	-1.133
65.1	-1.121
65.11	-1.123
65.13	-1.15
65.14	-1.158
65.15	-1.198
65.16	-1.195
65.17	-1.153
65.18	-1.134
65.19	-1.185
65.2	-1.162
65.21	-1.209
65.22	-1.217
65.23	-1.191
65.24	-1.214
65.25	-1.207
65.26	-1.214
65.27	-1.209
65.28	-1.196
65.29	-1.217
65.3	-1.268
65.31	-1.271
65.33	-1.222
65.35	-1.171
65.36	-1.167
65.38	-1.215
65.39	-1.216
65.4	-1.233
65.43	-1.16
65.45	-1.222
65.46	-1.224
65.48	-1.201
65.49	-1.233
65.5	-1.245
65.52	-1.225
65.53	-1.269
65.54	-1.275
65.55	-1.314
65.56	-1.279
65.57	-1.327
65.58	-1.335
65.59	-1.308
65.6	-1.318
65.61	-1.319
65.62	-1.349
65.63	-1.347
65.65	-1.386
65.66	-1.393
65.67	-1.374
65.68	-1.341
65.69	-1.332
65.7	-1.302
65.71	-1.307
65.73	-1.354
65.75	-1.322
65.76	-1.336
65.77	-1.371
65.78	-1.369
65.79	-1.354
65.8	-1.371
65.81	-1.363
65.82	-1.371
65.83	-1.351
65.84	-1.393
65.85	-1.324
65.86	-1.317
65.87	-1.411
65.88	-1.405
65.89	-1.442
65.9	-1.455
65.91	-1.408
65.92	-1.391
65.93	-1.396
65.94	-1.378
65.95	-1.37
65.97	-1.413
65.98	-1.38
65.99	-1.367
66	-1.379
66.01	-1.372
66.02	-1.401
66.03	-1.36
66.04	-1.365
66.05	-1.357
66.06	-1.329
66.07	-1.341
66.09	-1.259
66.1	-1.248
66.11	-1.287
66.12	-1.293
66.13	-1.31
66.15	-1.374
66.16	-1.339
66.17	-1.326
66.18	-1.38
66.19	-1.339
66.2	-1.345
66.22	-1.387
66.23	-1.35
66.24	-1.401
66.25	-1.413
66.26	-1.465
66.27	-1.466
66.28	-1.44
66.29	-1.439
66.3	-1.474
66.31	-1.417
66.32	-1.42
66.37	-1.551
66.38	-1.627
66.39	-1.569
66.4	-1.58
66.41	-1.579
66.42	-1.554
66.43	-1.55
66.44	-1.553
66.45	-1.532
66.46	-1.56
66.47	-1.543
66.48	-1.54
66.5	-1.548
66.51	-1.521
66.52	-1.591
66.53	-1.606
66.54	-1.61
66.55	-1.591
66.56	-1.558
66.57	-1.552
66.59	-1.59
66.6	-1.586
66.61	-1.588
66.62	-1.598
66.63	-1.589
66.64	-1.606
66.65	-1.612
66.66	-1.625
66.67	-1.626
66.68	-1.622
66.69	-1.586
66.7	-1.617
66.71	-1.583
66.72	-1.621
66.73	-1.566
66.75	-1.592
66.76	-1.583
66.77	-1.608
66.78	-1.551
66.79	-1.534
66.8	-1.552
66.81	-1.558
66.83	-1.511
66.84	-1.493
66.85	-1.491
66.86	-1.533
66.87	-1.547
66.89	-1.506
66.9	-1.463
66.92	-1.482
66.93	-1.484
66.95	-1.443
66.96	-1.453
66.97	-1.496
66.99	-1.471
67.01	-1.481
67.04	-1.459
67.05	-1.504
67.06	-1.503
67.08	-1.527
67.09	-1.564
67.1	-1.575
67.11	-1.575
67.12	-1.557
67.13	-1.558
67.14	-1.533
67.15	-1.579
67.16	-1.578
67.17	-1.589
67.18	-1.582
67.19	-1.608
67.21	-1.609
67.22	-1.62
67.24	-1.569
67.25	-1.563
67.26	-1.579
67.27	-1.57
67.28	-1.587
67.29	-1.57
67.3	-1.574
67.33	-1.64
67.34	-1.643
67.35	-1.609
67.36	-1.604
67.38	-1.681
67.39	-1.711
67.4	-1.656
67.42	-1.677
67.43	-1.725
67.44	-1.711
67.45	-1.719
67.46	-1.716
67.47	-1.745
67.48	-1.698
67.49	-1.72
67.5	-1.695
67.51	-1.705
67.52	-1.664
67.53	-1.682
67.54	-1.65
67.55	-1.683
67.58	-1.592
67.6	-1.516
67.61	-1.533
67.62	-1.587
67.63	-1.588
67.64	-1.661
67.65	-1.654
67.66	-1.625
67.67	-1.637
67.68	-1.639
67.7	-1.672
67.71	-1.634
67.73	-1.658
67.74	-1.685
67.75	-1.729
67.77	-1.694
67.79	-1.715
67.8	-1.714
67.81	-1.704
67.83	-1.708
67.85	-1.778
67.86	-1.766
67.88	-1.709
67.89	-1.726
67.9	-1.808
67.91	-1.828
67.93	-1.832
67.94	-1.798
67.96	-1.808
67.97	-1.838
67.98	-1.82
67.99	-1.854
68	-1.85
68.01	-1.861
68.02	-1.84
68.03	-1.846
68.04	-1.842
68.05	-1.823
68.07	-1.884
68.08	-1.887
68.1	-1.854
68.11	-1.892
68.12	-1.877
68.13	-1.9
68.14	-1.868
68.16	-1.946
68.2	-1.889
68.21	-1.859
68.22	-1.845
68.23	-1.88
68.25	-1.838
68.26	-1.818
68.27	-1.832
68.28	-1.83
68.29	-1.802
68.3	-1.791
68.31	-1.79
68.33	-1.77
68.34	-1.774
68.35	-1.745
68.36	-1.752
68.37	-1.746
68.38	-1.814
68.39	-1.79
68.42	-1.83
68.44	-1.766
68.45	-1.767
68.46	-1.737
68.48	-1.759
68.49	-1.727
68.51	-1.768
68.53	-1.728
68.54	-1.761
68.55	-1.753
68.56	-1.786
68.57	-1.769
68.59	-1.819
68.6	-1.801
68.61	-1.821
68.62	-1.782
68.64	-1.774
68.65	-1.782
68.66	-1.81
68.68	-1.788
68.69	-1.793
68.7	-1.822
68.71	-1.795
68.72	-1.793
68.73	-1.808
68.74	-1.833
68.76	-1.754
68.77	-1.75
68.78	-1.733
68.79	-1.79
68.8	-1.782
68.81	-1.756
68.82	-1.714
68.84	-1.773
68.85	-1.762
68.86	-1.729
68.87	-1.724
68.88	-1.704
68.89	-1.664
68.91	-1.677
68.92	-1.639
68.93	-1.645
68.95	-1.69
68.96	-1.659
68.97	-1.676
68.98	-1.672
69	-1.601
69.01	-1.611
69.02	-1.676
69.03	-1.643
69.04	-1.665
69.06	-1.683
69.07	-1.669
69.09	-1.628
69.1	-1.643
69.12	-1.601
69.13	-1.542
69.15	-1.504
69.17	-1.511
69.18	-1.542
69.2	-1.491
69.21	-1.472
69.23	-1.488
69.24	-1.483
69.25	-1.44
69.26	-1.465
69.27	-1.467
69.28	-1.478
69.29	-1.479
69.3	-1.438
69.31	-1.364
69.32	-1.395
69.33	-1.396
69.34	-1.412
69.35	-1.372
69.36	-1.357
69.37	-1.416
69.38	-1.439
69.4	-1.389
69.41	-1.4
69.42	-1.384
69.44	-1.495
69.45	-1.456
69.46	-1.479
69.47	-1.542
69.48	-1.483
69.5	-1.473
69.51	-1.505
69.52	-1.509
69.53	-1.499
69.54	-1.514
69.57	-1.589
69.58	-1.575
69.59	-1.631
69.6	-1.634
69.61	-1.631
69.62	-1.643
69.64	-1.614
69.66	-1.715
69.67	-1.699
69.68	-1.706
69.69	-1.693
69.7	-1.699
69.71	-1.727
69.72	-1.704
69.73	-1.698
69.74	-1.674
69.75	-1.687
69.77	-1.655
69.78	-1.66
69.79	-1.651
69.8	-1.626
69.81	-1.636
69.82	-1.63
69.83	-1.618
69.84	-1.643
69.86	-1.591
69.88	-1.636
69.91	-1.719
69.92	-1.686
69.94	-1.741
69.95	-1.736
69.97	-1.753
69.98	-1.745
69.99	-1.697
70	-1.711
70.01	-1.671
70.02	-1.704
70.03	-1.691
70.04	-1.717
70.05	-1.717
70.06	-1.711
70.07	-1.712
70.08	-1.727
70.09	-1.783
70.1	-1.771
70.11	-1.814
70.12	-1.811
70.13	-1.835
70.14	-1.789
70.16	-1.763
70.17	-1.767
70.21	-1.615
70.22	-1.59
70.23	-1.593
70.24	-1.607
70.25	-1.636
70.26	-1.645
70.27	-1.639
70.28	-1.647
70.29	-1.648
70.31	-1.615
70.32	-1.618
70.33	-1.648
70.34	-1.651
70.35	-1.649
70.36	-1.689
70.37	-1.686
70.39	-1.673
70.4	-1.65
70.41	-1.674
70.42	-1.712
70.43	-1.727
70.44	-1.764
70.45	-1.78
70.46	-1.809
70.47	-1.799
70.48	-1.739
70.49	-1.746
70.5	-1.702
70.51	-1.747
70.53	-1.695
70.54	-1.728
70.55	-1.702
70.56	-1.715
70.57	-1.717
70.58	-1.749
70.59	-1.746
70.61	-1.692
70.62	-1.649
70.63	-1.657
70.64	-1.632
70.65	-1.646
70.66	-1.599
70.67	-1.608
70.69	-1.573
70.7	-1.571
70.71	-1.54
70.73	-1.569
70.74	-1.56
70.75	-1.537
70.76	-1.532
70.78	-1.535
70.79	-1.511
70.81	-1.511
70.82	-1.5
70.83	-1.505
70.84	-1.495
70.85	-1.504
70.87	-1.481
70.88	-1.492
70.89	-1.519
70.9	-1.48
70.91	-1.494
70.92	-1.498
70.93	-1.456
70.94	-1.493
70.95	-1.495
70.97	-1.543
70.98	-1.479
70.99	-1.511
71	-1.515
71.01	-1.499
71.03	-1.454
71.04	-1.457
71.05	-1.409
71.07	-1.413
71.08	-1.367
71.09	-1.356
71.1	-1.397
71.11	-1.368
71.12	-1.388
71.13	-1.42
71.14	-1.426
71.15	-1.426
71.16	-1.386
71.17	-1.373
71.19	-1.29
71.2	-1.312
71.21	-1.356
71.22	-1.351
71.23	-1.312
71.24	-1.32
71.25	-1.315
71.27	-1.233
71.31	-1.372
71.32	-1.377
71.33	-1.308
71.34	-1.278
71.35	-1.27
71.36	-1.293
71.38	-1.261
71.4	-1.287
71.41	-1.285
71.42	-1.294
71.43	-1.281
71.44	-1.278
71.45	-1.284
71.46	-1.315
71.47	-1.326
71.48	-1.262
71.49	-1.287
71.5	-1.29
71.51	-1.286
71.53	-1.307
71.54	-1.34
71.55	-1.322
71.56	-1.338
71.59	-1.219
71.61	-1.211
71.62	-1.192
71.64	-1.185
71.65	-1.187
71.66	-1.203
71.67	-1.207
71.68	-1.185
71.69	-1.136
71.71	-1.111
71.72	-1.097
71.74	-1.13
71.75	-1.125
71.76	-1.06
71.77	-1.117
71.78	-1.119
71.79	-1.102
71.8	-1.102
71.81	-1.082
71.83	-1.084
71.84	-1.096
71.87	-1.169
71.88	-1.186
71.89	-1.178
71.9	-1.18
71.91	-1.203
71.92	-1.244
71.93	-1.254
71.96	-1.316
71.98	-1.236
71.99	-1.244
72	-1.237
72.01	-1.266
72.02	-1.267
72.03	-1.262
72.05	-1.322
72.06	-1.311
72.07	-1.344
72.08	-1.355
72.09	-1.358
72.1	-1.344
72.13	-1.221
72.14	-1.202
72.15	-1.234
72.16	-1.29
72.17	-1.304
72.18	-1.293
72.19	-1.245
72.2	-1.24
72.21	-1.202
72.22	-1.224
72.24	-1.152
72.27	-1.199
72.29	-1.194
72.3	-1.137
72.31	-1.186
72.34	-1.256
72.35	-1.29
72.36	-1.301
72.38	-1.281
72.39	-1.311
72.4	-1.31
72.41	-1.268
72.43	-1.298
72.44	-1.261
72.45	-1.286
72.46	-1.254
72.47	-1.267
72.49	-1.249
72.5	-1.291
72.51	-1.276
72.53	-1.299
72.54	-1.228
72.55	-1.208
72.56	-1.216
72.57	-1.182
72.58	-1.175
72.59	-1.2
72.6	-1.16
72.61	-1.175
72.62	-1.158
72.63	-1.153
72.66	-1.087
72.68	-1.088
72.69	-1.117
72.7	-1.121
72.71	-1.112
72.72	-1.148
72.73	-1.145
72.74	-1.19
72.75	-1.149
72.76	-1.132
72.78	-1.188
72.81	-1.129
72.82	-1.094
72.83	-1.078
72.84	-1.075
72.85	-1.078
72.86	-1.07
72.89	-1.187
72.9	-1.184
72.91	-1.212
72.92	-1.217
72.93	-1.233
72.95	-1.194
72.96	-1.19
72.97	-1.192
72.98	-1.175
72.99	-1.182
73	-1.144
73.01	-1.162
73.02	-1.148
73.03	-1.147
73.04	-1.138
73.05	-1.149
73.07	-1.236
73.08	-1.211
73.09	-1.216
73.1	-1.232
73.11	-1.294
73.12	-1.287
73.13	-1.315
73.14	-1.319
73.15	-1.266
73.16	-1.247
73.17	-1.239
73.18	-1.279
73.19	-1.268
73.2	-1.266
73.22	-1.214
73.23	-1.213
73.25	-1.23
73.26	-1.22
73.28	-1.251
73.29	-1.296
73.3	-1.293
73.32	-1.341
73.34	-1.36
73.35	-1.327
73.36	-1.334
73.37	-1.311
73.39	-1.343
73.4	-1.321
73.42	-1.32
73.43	-1.306
73.45	-1.239
73.47	-1.233
73.48	-1.187
73.5	-1.241
73.51	-1.227
73.52	-1.286
73.53	-1.277
73.54	-1.255
73.55	-1.278
73.57	-1.24
73.58	-1.224
73.6	-1.23
73.62	-1.193
73.64	-1.236
73.65	-1.239
73.66	-1.221
73.69	-1.083
73.7	-1.077
73.71	-1.022
73.72	-1.045
73.73	-1.009
73.74	-1.031
73.75	-1.01
73.77	-1.094
73.78	-1.15
73.81	-1.066
73.83	-1.122
73.85	-1.066
73.86	-1.069
73.88	-1.02
73.89	-1.051
73.9	-1.028
73.91	-1.02
73.92	-1.042
73.93	-0.9804
73.94	-0.9659
73.95	-0.931
73.96	-0.9308
73.97	-0.9248
73.98	-0.8951
73.99	-0.9541
74	-0.973
74.01	-0.9735
74.02	-1.017
74.03	-0.9989
74.05	-0.9356
74.06	-0.9437
74.07	-0.9354
74.08	-0.9109
74.09	-0.9414
74.1	-0.9428
74.11	-0.9124
74.13	-0.9014
74.14	-0.9136
74.15	-0.8498
74.16	-0.8729
74.17	-0.8228
74.22	-0.7103
74.23	-0.7008
74.24	-0.6728
74.26	-0.6825
74.27	-0.6513
74.28	-0.6463
74.29	-0.6104
74.3	-0.6167
74.31	-0.6024
74.32	-0.6243
74.33	-0.6619
74.34	-0.6515
74.35	-0.6139
74.37	-0.5986
74.38	-0.5616
74.39	-0.5484
74.4	-0.5482
74.41	-0.5703
74.42	-0.5517
74.44	-0.6256
74.45	-0.5777
74.46	-0.6281
74.47	-0.5958
74.48	-0.5941
74.49	-0.6308
74.5	-0.613
74.51	-0.5621
74.52	-0.5588
74.53	-0.595
74.54	-0.6045
74.56	-0.6784
74.58	-0.6487
74.59	-0.6261
74.61	-0.6632
74.62	-0.6347
74.63	-0.6309
74.64	-0.6529
74.65	-0.6599
74.67	-0.6832
74.68	-0.6914
74.69	-0.7084
74.71	-0.6906
74.73	-0.6448
74.75	-0.7389
74.76	-0.7478
74.77	-0.7642
74.78	-0.77
74.79	-0.808
74.81	-0.7622
74.82	-0.7301
74.83	-0.7243
74.85	-0.6688
74.87	-0.716
74.88	-0.7346
74.89	-0.7162
74.9	-0.7085
74.91	-0.7138
74.92	-0.726
74.93	-0.6955
74.94	-0.7373
74.95	-0.7289
74.96	-0.7494
74.97	-0.7268
74.98	-0.7513
74.99	-0.711
75	-0.6928
75.01	-0.7263
75.02	-0.7204
75.03	-0.7261
75.04	-0.6902
75.05	-0.6767
75.06	-0.6923
75.07	-0.7385
75.09	-0.7681
75.1	-0.7407
75.11	-0.7299
75.12	-0.7715
75.13	-0.7579
75.14	-0.7559
75.15	-0.7637
75.16	-0.7637
75.17	-0.7853
75.18	-0.7471
75.2	-0.8221
75.21	-0.8104
75.22	-0.8387
75.23	-0.831
75.25	-0.8611
75.26	-0.8216
75.27	-0.851
75.29	-0.8463
75.3	-0.8696
75.32	-0.9413
75.33	-0.9441
75.34	-0.938
75.35	-0.9447
75.36	-0.9098
75.37	-0.9045
75.38	-0.9124
75.39	-0.9123
75.4	-0.9285
75.41	-0.9185
75.42	-0.9334
75.44	-0.9
75.45	-0.859
75.46	-0.859
75.47	-0.9091
75.48	-0.8844
75.49	-0.8746
75.5	-0.8866
75.53	-0.8419
75.54	-0.7954
75.55	-0.8369
75.56	-0.8117
75.58	-0.8029
75.59	-0.757
75.6	-0.7472
75.61	-0.7156
75.63	-0.6782
75.64	-0.7382
75.66	-0.6732
75.67	-0.677
75.68	-0.6604
75.7	-0.6557
75.74	-0.7794
75.75	-0.7717
75.76	-0.7816
75.77	-0.8242
75.78	-0.8116
75.79	-0.7625
75.8	-0.7525
75.81	-0.6857
75.82	-0.7434
75.83	-0.7324
75.84	-0.7613
75.85	-0.7472
75.86	-0.753
75.87	-0.7881
75.88	-0.8495
75.89	-0.8354
75.91	-0.8742
75.92	-0.9157
75.93	-0.9257
75.94	-0.949
75.95	-0.9438
75.96	-0.9514
75.97	-0.98
75.98	-0.9764
76	-0.9383
76.01	-1.001
76.03	-0.945
76.05	-0.937
76.06	-0.9225
76.08	-0.9393
76.1	-1.007
76.11	-0.9874
76.12	-0.9962
76.13	-1.018
76.14	-1.082
76.15	-1.09
76.16	-1.13
76.19	-1.033
76.2	-1.027
76.21	-0.9959
76.22	-0.9915
76.23	-1.011
76.25	-1.014
76.26	-1.039
76.27	-1.029
76.28	-1.06
76.31	-1.025
76.32	-0.9722
76.34	-1.011
76.35	-1.026
76.36	-0.9721
76.37	-0.9758
76.39	-0.9577
76.4	-0.9348
76.41	-0.9271
76.42	-0.885
76.44	-0.9368
76.45	-0.8986
76.46	-0.8992
76.48	-0.8233
76.49	-0.8265
76.5	-0.8577
76.51	-0.8542
76.52	-0.8352
76.53	-0.8688
76.54	-0.8731
76.56	-0.8678
76.57	-0.8917
76.58	-0.898
76.59	-0.9301
76.6	-0.9115
76.61	-0.9565
76.62	-0.9481
76.63	-0.9533
76.65	-0.9941
76.66	-0.9863
76.68	-0.9365
76.7	-1.028
76.71	-1.028
76.73	-1.01
76.74	-0.9584
76.75	-0.9761
76.77	-0.9566
76.78	-1.026
76.79	-0.9941
76.8	-0.9985
76.81	-0.9845
76.82	-0.9444
76.83	-0.9757
76.84	-0.971
76.85	-0.9741
76.86	-0.9987
76.88	-1.094
76.89	-1.081
76.9	-1.052
76.91	-1.087
76.92	-1.068
76.93	-1.01
76.94	-1.01
76.96	-0.9749
76.98	-1.021
76.99	-1.011
77	-1.038
77.01	-1.115
77.02	-1.113
77.03	-1.184
77.05	-1.129
77.06	-1.111
77.07	-1.162
77.09	-1.125
77.1	-1.109
77.11	-1.072
77.12	-1.07
77.13	-1.049
77.14	-1.093
77.15	-1.077
77.17	-1.072
77.22	-0.9364
77.23	-0.9402
77.26	-0.805
77.27	-0.7944
77.28	-0.8073
77.3	-0.8778
77.31	-0.8976
77.32	-0.8703
77.33	-0.8598
77.34	-0.8406
77.35	-0.8683
77.36	-0.8609
77.37	-0.8728
77.38	-0.9091
77.39	-0.9161
77.4	-0.9072
77.41	-0.9323
77.42	-0.9186
77.43	-0.9365
77.44	-0.9795
77.45	-0.9474
77.46	-0.9455
77.47	-0.9562
77.48	-0.9904
77.49	-0.9768
77.5	-0.9799
77.51	-1.025
77.53	-1.011
77.54	-1.014
77.57	-1.052
77.58	-1.057
77.6	-1.145
77.61	-1.103
77.63	-1.105
77.64	-1.092
77.65	-1.114
77.66	-1.15
77.67	-1.101
77.68	-1.127
77.69	-1.1
77.7	-1.103
77.71	-1.051
77.72	-1.043
77.74	-0.9544
77.75	-0.9745
77.78	-0.9228
77.79	-0.9742
77.8	-0.9629
77.81	-0.9871
77.82	-0.9908
77.83	-0.9299
77.84	-0.9181
77.85	-0.915
77.86	-0.8784
77.88	-0.9374
77.9	-0.9847
77.91	-0.9893
77.92	-0.9511
77.94	-0.9944
77.95	-1
77.96	-0.9659
77.97	-0.9795
77.98	-0.9463
77.99	-0.9591
78.01	-1.028
78.03	-0.9852
78.05	-1.012
78.06	-1.008
78.08	-1.037
78.09	-1.029
78.1	-1.063
78.11	-1.07
78.12	-1.023
78.15	-1.122
78.16	-1.132
78.19	-1.021
78.2	-1.018
78.21	-1.024
78.22	-1.057
78.23	-1.057
78.24	-1.051
78.25	-1.099
78.28	-1.107
78.29	-1.093
78.3	-1.051
78.33	-1.074
78.35	-1.116
78.36	-1.118
78.37	-1.061
78.38	-1.054
78.39	-1.079
78.4	-1.066
78.41	-1.075
78.42	-1.096
78.43	-1.138
78.44	-1.141
78.45	-1.134
78.47	-1.21
78.48	-1.239
78.49	-1.249
78.51	-1.301
78.53	-1.304
78.54	-1.3
78.55	-1.317
78.57	-1.273
78.58	-1.299
78.59	-1.292
78.6	-1.359
78.61	-1.375
78.62	-1.366
78.64	-1.324
78.65	-1.352
78.66	-1.258
78.68	-1.216
78.69	-1.218
78.7	-1.237
78.72	-1.321
78.73	-1.321
78.74	-1.34
78.75	-1.319
78.76	-1.32
78.78	-1.243
78.79	-1.31
78.8	-1.312
78.81	-1.381
78.83	-1.409
78.84	-1.451
78.85	-1.418
78.86	-1.411
78.87	-1.397
78.88	-1.399
78.89	-1.392
78.91	-1.371
78.92	-1.386
78.93	-1.35
78.94	-1.347
78.95	-1.329
78.96	-1.328
79	-1.237
79.01	-1.251
79.02	-1.275
79.03	-1.274
79.04	-1.318
79.06	-1.255
79.07	-1.245
79.09	-1.282
79.1	-1.29
79.11	-1.309
79.12	-1.298
79.13	-1.3
79.15	-1.351
79.16	-1.352
79.18	-1.382
79.19	-1.378
79.2	-1.411
79.21	-1.385
79.22	-1.436
79.23	-1.406
79.24	-1.412
79.25	-1.402
79.26	-1.445
79.27	-1.441
79.28	-1.462
79.31	-1.45
79.33	-1.513
79.34	-1.523
79.36	-1.499
79.38	-1.535
79.4	-1.514
79.41	-1.469
79.43	-1.43
79.44	-1.436
79.46	-1.392
79.47	-1.415
79.48	-1.409
79.5	-1.377
79.51	-1.38
79.53	-1.452
79.54	-1.472
79.55	-1.468
79.56	-1.43
79.57	-1.461
79.58	-1.414
79.59	-1.465
79.6	-1.434
79.61	-1.427
79.62	-1.439
79.63	-1.435
79.64	-1.417
79.65	-1.43
79.66	-1.499
79.67	-1.482
79.68	-1.501
79.69	-1.537
79.7	-1.536
79.71	-1.558
79.72	-1.522
79.73	-1.516
79.74	-1.464
79.75	-1.477
79.76	-1.51
79.77	-1.519
79.79	-1.488
79.8	-1.472
79.81	-1.507
79.82	-1.46
79.83	-1.468
79.84	-1.442
79.85	-1.443
79.87	-1.375
79.89	-1.371
79.9	-1.42
79.93	-1.468
79.94	-1.521
79.97	-1.562
79.99	-1.635
80	-1.631
80.01	-1.675
80.04	-1.717
80.05	-1.693
80.08	-1.664
80.09	-1.642
80.1	-1.687
80.12	-1.721
80.13	-1.718
80.14	-1.765
80.16	-1.714
80.18	-1.766
80.2	-1.767
80.21	-1.771
80.22	-1.765
80.23	-1.821
80.25	-1.842
80.26	-1.889
80.27	-1.903
80.29	-1.9
80.3	-1.923
80.31	-1.981
80.32	-1.959
80.33	-1.961
80.34	-1.915
80.35	-1.947
80.36	-1.933
80.37	-1.96
80.38	-1.934
80.39	-1.954
80.41	-2.035
80.42	-2.038
80.43	-2.064
80.44	-2.12
80.46	-2.059
80.47	-2.083
80.49	-2.176
80.5	-2.182
80.51	-2.198
80.52	-2.229
80.53	-2.213
80.54	-2.252
80.55	-2.186
80.58	-2.295
80.59	-2.313
80.61	-2.3
80.63	-2.345
80.64	-2.293
80.65	-2.3
80.66	-2.292
80.68	-2.321
80.69	-2.361
80.7	-2.364
80.71	-2.403
80.72	-2.386
80.73	-2.4
80.74	-2.43
80.75	-2.435
80.78	-2.521
80.79	-2.501
80.8	-2.576
80.81	-2.572
80.82	-2.576
80.84	-2.541
80.85	-2.569
80.87	-2.58
80.88	-2.581
80.89	-2.591
80.9	-2.612
80.91	-2.602
80.92	-2.617
80.93	-2.601
80.95	-2.644
80.96	-2.644
80.98	-2.575
81.01	-2.65
81.02	-2.689
81.06	-2.623
81.08	-2.709
81.09	-2.698
81.1	-2.733
81.11	-2.709
81.12	-2.717
81.13	-2.703
81.14	-2.715
81.16	-2.646
81.17	-2.683
81.19	-2.631
81.2	-2.631
81.21	-2.627
81.22	-2.645
81.23	-2.608
81.24	-2.597
81.25	-2.601
81.26	-2.583
81.27	-2.645
81.28	-2.63
81.3	-2.747
81.31	-2.742
81.32	-2.75
81.34	-2.703
81.35	-2.695
81.37	-2.755
81.38	-2.738
81.39	-2.753
81.4	-2.734
81.41	-2.691
81.42	-2.683
81.43	-2.724
81.44	-2.703
81.45	-2.703
81.46	-2.693
81.47	-2.662
81.48	-2.651
81.49	-2.6
81.5	-2.626
81.51	-2.624
81.52	-2.603
81.54	-2.631
81.55	-2.594
81.56	-2.605
81.57	-2.605
81.58	-2.615
81.59	-2.636
81.6	-2.584
81.61	-2.567
81.62	-2.568
81.63	-2.579
81.64	-2.565
81.65	-2.561
81.66	-2.546
81.67	-2.56
81.69	-2.559
81.71	-2.56
81.72	-2.59
81.74	-2.502
81.75	-2.517
81.76	-2.466
81.78	-2.45
81.79	-2.459
81.8	-2.443
81.81	-2.39
81.82	-2.37
81.85	-2.397
81.86	-2.449
81.87	-2.465
81.89	-2.416
81.9	-2.419
81.91	-2.397
81.92	-2.429
81.93	-2.392
81.95	-2.394
81.96	-2.409
81.97	-2.449
81.98	-2.455
81.99	-2.443
82	-2.452
82.01	-2.415
82.02	-2.499
82.03	-2.467
82.04	-2.481
82.05	-2.463
82.07	-2.406
82.09	-2.376
82.1	-2.403
82.11	-2.414
82.12	-2.407
82.13	-2.433
82.14	-2.439
82.15	-2.395
82.16	-2.464
82.17	-2.457
82.18	-2.466
82.19	-2.465
82.2	-2.502
82.22	-2.455
82.23	-2.549
82.24	-2.573
82.25	-2.578
82.26	-2.61
82.27	-2.598
82.28	-2.576
82.29	-2.588
82.3	-2.644
82.31	-2.622
82.32	-2.641
82.35	-2.586
82.36	-2.633
82.37	-2.653
82.38	-2.649
82.39	-2.626
82.4	-2.576
82.42	-2.555
82.44	-2.617
82.47	-2.667
82.48	-2.632
82.5	-2.609
82.53	-2.674
82.54	-2.676
82.56	-2.663
82.57	-2.673
82.58	-2.673
82.59	-2.666
82.6	-2.711
82.63	-2.757
82.64	-2.79
82.66	-2.747
82.67	-2.788
82.69	-2.688
82.7	-2.706
82.71	-2.69
82.72	-2.729
82.73	-2.732
82.74	-2.655
82.76	-2.624
82.77	-2.682
82.78	-2.665
82.79	-2.625
82.8	-2.62
82.81	-2.629
82.82	-2.661
82.84	-2.665
82.85	-2.721
82.86	-2.714
82.87	-2.7
82.88	-2.697
82.89	-2.699
82.9	-2.713
82.92	-2.767
82.94	-2.75
82.95	-2.755
82.97	-2.74
83	-2.646
83.02	-2.602
83.03	-2.624
83.04	-2.626
83.05	-2.617
83.06	-2.569
83.07	-2.555
83.08	-2.575
83.1	-2.559
83.11	-2.57
83.15	-2.659
83.16	-2.647
83.17	-2.678
83.18	-2.631
83.19	-2.631
83.2	-2.657
83.21	-2.631
83.23	-2.726
83.24	-2.717
83.25	-2.742
83.26	-2.726
83.27	-2.728
83.28	-2.772
83.29	-2.719
83.3	-2.742
83.31	-2.729
83.32	-2.754
83.33	-2.746
83.34	-2.749
83.35	-2.735
83.37	-2.756
83.38	-2.732
83.4	-2.783
83.41	-2.826
83.42	-2.831
83.44	-2.794
83.45	-2.792
83.47	-2.733
83.48	-2.706
83.49	-2.705
83.5	-2.696
83.52	-2.655
83.53	-2.665
83.56	-2.73
83.57	-2.73
83.6	-2.796
83.61	-2.783
83.62	-2.794
83.63	-2.84
83.65	-2.869
83.66	-2.868
83.67	-2.826
83.68	-2.818
83.69	-2.829
83.71	-2.877
83.74	-2.824
83.8	-2.777
83.81	-2.788
83.83	-2.737
83.84	-2.748
83.85	-2.741
83.86	-2.705
83.88	-2.745
83.89	-2.73
83.91	-2.796
83.92	-2.735
83.93	-2.733
83.94	-2.751
83.95	-2.758
83.96	-2.75
83.98	-2.707
84	-2.685
84.02	-2.755
84.03	-2.733
84.04	-2.726
84.05	-2.694
84.06	-2.731
84.07	-2.701
84.08	-2.697
84.09	-2.705
84.1	-2.704
84.11	-2.717
84.12	-2.748
84.13	-2.76
84.15	-2.806
84.16	-2.775
84.17	-2.802
84.19	-2.792
84.2	-2.801
84.22	-2.85
84.24	-2.838
84.25	-2.84
84.27	-2.809
84.28	-2.807
84.3	-2.824
84.31	-2.791
84.32	-2.836
84.33	-2.843
84.34	-2.859
84.35	-2.842
84.36	-2.87
84.37	-2.849
84.38	-2.872
84.39	-2.878
84.4	-2.856
84.41	-2.851
84.42	-2.875
84.43	-2.837
84.44	-2.862
84.45	-2.858
84.46	-2.866
84.47	-2.865
84.49	-2.907
84.51	-2.894
84.52	-2.874
84.53	-2.801
84.54	-2.809
84.55	-2.768
84.57	-2.755
84.58	-2.734
84.59	-2.73
84.6	-2.733
84.61	-2.712
84.62	-2.737
84.63	-2.721
84.64	-2.671
84.65	-2.683
84.66	-2.662
84.68	-2.725
84.69	-2.744
84.7	-2.724
84.71	-2.728
84.72	-2.747
84.73	-2.739
84.74	-2.715
84.75	-2.705
84.76	-2.708
84.77	-2.693
84.78	-2.697
84.79	-2.683
84.8	-2.702
84.81	-2.68
84.82	-2.685
84.83	-2.659
84.84	-2.651
84.85	-2.628
84.87	-2.682
84.88	-2.68
84.89	-2.659
84.9	-2.655
84.91	-2.629
84.92	-2.618
84.93	-2.652
84.95	-2.671
84.97	-2.714
84.99	-2.698
85	-2.645
85.03	-2.722
85.05	-2.727
85.08	-2.707
85.09	-2.708
85.12	-2.672
85.13	-2.666
85.14	-2.679
85.15	-2.683
85.17	-2.768
85.18	-2.747
85.2	-2.777
85.22	-2.836
85.23	-2.825
85.24	-2.827
85.25	-2.802
85.26	-2.792
85.27	-2.813
85.29	-2.818
85.3	-2.799
85.32	-2.85
85.33	-2.845
85.34	-2.868
85.35	-2.858
85.36	-2.863
85.38	-2.848
85.39	-2.858
85.4	-2.889
85.43	-2.781
85.44	-2.783
85.45	-2.777
85.46	-2.78
85.47	-2.755
85.48	-2.766
85.49	-2.751
85.5	-2.785
85.51	-2.787
85.52	-2.801
85.53	-2.79
85.54	-2.824
85.55	-2.84
85.56	-2.814
85.57	-2.818
85.58	-2.81
85.59	-2.836
85.61	-2.855
85.63	-2.801
85.66	-2.754
85.68	-2.767
85.7	-2.745
85.72	-2.779
85.73	-2.741
85.74	-2.727
85.75	-2.733
85.77	-2.678
85.79	-2.716
85.8	-2.71
85.81	-2.724
85.84	-2.69
85.85	-2.695
85.86	-2.71
85.87	-2.711
85.89	-2.678
85.9	-2.655
85.91	-2.616
85.92	-2.643
85.93	-2.631
85.94	-2.636
85.95	-2.657
85.97	-2.661
85.98	-2.667
85.99	-2.695
86.01	-2.667
86.02	-2.662
86.03	-2.677
86.04	-2.675
86.05	-2.685
86.06	-2.706
86.07	-2.684
86.08	-2.686
86.09	-2.667
86.12	-2.757
86.13	-2.724
86.14	-2.742
86.15	-2.737
86.17	-2.75
86.18	-2.737
86.19	-2.733
86.2	-2.763
86.21	-2.76
86.22	-2.751
86.24	-2.818
86.26	-2.784
86.27	-2.809
86.3	-2.807
86.31	-2.825
86.32	-2.822
86.33	-2.841
86.34	-2.882
86.35	-2.866
86.36	-2.869
86.38	-2.894
86.39	-2.888
86.4	-2.901
86.41	-2.886
86.42	-2.909
86.43	-2.954
86.44	-2.939
86.45	-2.914
86.46	-2.936
86.48	-2.91
86.49	-2.924
86.51	-2.891
86.53	-2.9
86.56	-3.009
86.58	-3
86.61	-2.933
86.62	-2.966
86.63	-2.942
86.64	-2.94
86.65	-2.952
86.66	-2.985
86.68	-2.947
86.7	-3.006
86.71	-3.01
86.72	-2.986
86.73	-2.994
86.74	-3.013
86.75	-3.011
86.76	-2.984
86.8	-3.007
86.81	-3.038
86.83	-3.051
86.84	-3.05
86.86	-3.059
86.87	-3.031
86.88	-3.051
86.9	-3.029
86.91	-3.053
86.92	-3.058
86.93	-3.072
86.94	-3.067
86.95	-3.076
86.97	-3.117
86.99	-3.108
87	-3.133
87.01	-3.144
87.02	-3.141
87.03	-3.131
87.04	-3.174
87.05	-3.192
87.06	-3.173
87.07	-3.178
87.08	-3.16
87.09	-3.211
87.1	-3.213
87.11	-3.233
87.12	-3.235
87.13	-3.255
87.14	-3.228
87.15	-3.216
87.16	-3.271
87.18	-3.331
87.19	-3.32
87.21	-3.338
87.22	-3.335
87.23	-3.351
87.25	-3.339
87.28	-3.392
87.3	-3.361
87.31	-3.372
87.32	-3.425
87.33	-3.407
87.34	-3.418
87.36	-3.464
87.38	-3.517
87.39	-3.496
87.4	-3.499
87.41	-3.475
87.42	-3.484
87.43	-3.511
87.44	-3.521
87.45	-3.499
87.47	-3.531
87.49	-3.546
87.5	-3.523
87.51	-3.529
87.52	-3.492
87.53	-3.507
87.54	-3.535
87.55	-3.527
87.56	-3.56
87.57	-3.552
87.58	-3.572
87.59	-3.606
87.6	-3.61
87.61	-3.59
87.62	-3.558
87.63	-3.569
87.64	-3.556
87.66	-3.61
87.67	-3.569
87.68	-3.552
87.69	-3.589
87.7	-3.594
87.71	-3.581
87.72	-3.591
87.74	-3.526
87.75	-3.526
87.76	-3.552
87.79	-3.486
87.8	-3.474
87.82	-3.47
87.83	-3.489
87.84	-3.464
87.85	-3.457
87.86	-3.465
87.87	-3.493
87.89	-3.493
87.9	-3.505
87.91	-3.5
87.92	-3.504
87.94	-3.486
87.96	-3.488
87.97	-3.476
87.98	-3.493
87.99	-3.476
88	-3.436
88.01	-3.464
88.02	-3.474
88.03	-3.474
88.04	-3.452
88.05	-3.415
88.07	-3.445
88.08	-3.426
88.09	-3.39
88.1	-3.332
88.11	-3.328
88.12	-3.345
88.13	-3.34
88.14	-3.321
88.15	-3.329
88.16	-3.329
88.17	-3.309
88.19	-3.319
88.2	-3.304
88.21	-3.329
88.22	-3.331
88.23	-3.317
88.24	-3.337
88.25	-3.333
88.26	-3.352
88.27	-3.352
88.29	-3.361
88.3	-3.408
88.33	-3.372
88.34	-3.403
88.35	-3.403
88.37	-3.357
88.38	-3.386
88.39	-3.377
88.4	-3.353
88.41	-3.351
88.42	-3.362
88.43	-3.402
88.45	-3.425
88.46	-3.398
88.48	-3.367
88.49	-3.344
88.5	-3.379
88.51	-3.375
88.52	-3.403
88.54	-3.426
88.55	-3.419
88.56	-3.406
88.57	-3.428
88.58	-3.417
88.59	-3.425
88.6	-3.409
88.61	-3.407
88.63	-3.43
88.64	-3.475
88.67	-3.452
88.69	-3.487
88.7	-3.505
88.71	-3.534
88.72	-3.518
88.73	-3.524
88.74	-3.523
88.77	-3.593
88.78	-3.576
88.79	-3.579
88.8	-3.571
88.81	-3.583
88.82	-3.576
88.83	-3.586
88.85	-3.556
88.86	-3.557
88.87	-3.512
88.89	-3.509
88.9	-3.493
88.91	-3.516
88.92	-3.498
88.93	-3.456
88.95	-3.479
88.96	-3.454
88.97	-3.485
88.99	-3.499
89	-3.512
89.01	-3.51
89.02	-3.52
89.04	-3.476
89.05	-3.439
89.06	-3.45
89.07	-3.45
89.08	-3.436
89.09	-3.448
89.1	-3.441
89.12	-3.471
89.13	-3.512
89.14	-3.515
89.15	-3.512
89.16	-3.463
89.17	-3.47
89.18	-3.494
89.19	-3.489
89.2	-3.498
89.23	-3.474
89.25	-3.426
89.26	-3.397
89.27	-3.385
89.28	-3.44
89.29	-3.427
89.3	-3.423
89.31	-3.428
89.32	-3.402
89.33	-3.44
89.34	-3.455
89.35	-3.453
89.39	-3.484
89.4	-3.446
89.41	-3.442
89.42	-3.459
89.43	-3.461
89.45	-3.426
89.46	-3.422
89.47	-3.401
89.48	-3.4
89.49	-3.418
89.5	-3.381
89.51	-3.368
89.52	-3.369
89.53	-3.363
89.55	-3.367
89.57	-3.39
89.6	-3.276
89.62	-3.29
89.63	-3.255
89.64	-3.26
89.65	-3.25
89.66	-3.212
89.67	-3.198
89.71	-3.278
89.72	-3.27
89.73	-3.235
89.74	-3.258
89.75	-3.207
89.76	-3.22
89.78	-3.191
89.79	-3.172
89.81	-3.179
89.83	-3.15
89.85	-3.092
89.86	-3.104
89.87	-3.104
89.88	-3.087
89.89	-3.093
89.9	-3.083
89.92	-3.091
89.93	-3.11
89.94	-3.112
89.95	-3.066
89.96	-3.083
89.97	-3.077
89.99	-3.041
90	-3.065
90.01	-3.039
90.03	-3.063
90.04	-3.048
90.05	-3.052
90.06	-3.039
90.07	-3.06
90.1	-3.009
90.11	-3.013
90.12	-2.995
90.13	-3.009
90.14	-2.984
90.16	-2.958
90.17	-2.934
90.18	-2.957
90.19	-2.944
90.2	-2.972
90.21	-2.969
90.22	-3.011
90.23	-2.995
90.25	-2.938
90.26	-2.932
90.27	-2.893
90.28	-2.899
90.29	-2.917
90.3	-2.922
90.31	-2.908
90.32	-2.904
90.33	-2.872
90.35	-2.898
90.36	-2.895
90.37	-2.915
90.38	-2.909
90.39	-2.924
90.4	-2.907
90.42	-2.904
90.45	-2.966
90.47	-3.013
90.48	-3.021
90.5	-2.986
90.51	-2.922
90.54	-2.898
90.55	-2.927
90.57	-2.933
90.58	-2.902
90.59	-2.854
90.6	-2.831
90.61	-2.833
90.62	-2.841
90.63	-2.834
90.64	-2.812
90.66	-2.888
90.67	-2.873
90.68	-2.882
90.69	-2.908
90.7	-2.869
90.71	-2.864
90.72	-2.807
90.73	-2.813
90.74	-2.83
90.76	-2.82
90.77	-2.837
90.79	-2.82
90.82	-2.884
90.85	-2.981
90.86	-2.961
90.87	-2.979
90.89	-2.958
90.91	-2.958
90.92	-2.994
90.93	-2.992
90.94	-3.005
90.95	-2.993
90.96	-2.999
90.97	-3.039
90.99	-3.057
91	-3.042
91.01	-3.039
91.02	-3.077
91.03	-3.072
91.04	-3.051
91.05	-3.051
91.06	-3.068
91.07	-3.059
91.09	-3.02
91.1	-3.02
91.13	-3.042
91.14	-3.039
91.15	-3.109
91.16	-3.082
91.17	-3.08
91.18	-3.117
91.19	-3.117
91.2	-3.133
91.21	-3.123
91.22	-3.137
91.25	-3.127
91.27	-3.15
91.28	-3.13
91.29	-3.149
91.3	-3.093
91.32	-3.1
91.35	-3.046
91.37	-3.065
91.38	-3.08
91.39	-3.041
91.42	-3.12
91.43	-3.092
91.44	-3.087
91.45	-3.089
91.46	-3.065
91.47	-3.075
91.48	-3.072
91.49	-3.055
91.5	-3.061
91.51	-3.051
91.52	-3.03
91.53	-3.061
91.55	-2.97
91.56	-2.956
91.57	-2.954
91.58	-2.965
91.59	-2.943
91.6	-2.942
91.61	-2.926
91.62	-2.922
91.63	-2.926
91.64	-2.942
91.65	-2.934
91.66	-2.937
91.67	-2.958
91.68	-2.993
91.69	-2.994
91.7	-3.001
91.71	-3.021
91.72	-3.026
91.73	-3.059
91.74	-3.044
91.76	-3.057
91.77	-3.068
91.78	-3.064
91.79	-3.046
91.8	-3.059
91.81	-3.045
91.83	-3.098
91.84	-3.042
91.85	-3.037
91.86	-3.02
91.87	-2.984
91.88	-3.009
91.89	-3.019
91.9	-2.991
91.94	-2.958
91.95	-2.931
91.96	-2.946
91.98	-2.923
92	-2.949
92.02	-2.956
92.05	-3.043
92.06	-3.047
92.07	-3.027
92.08	-3.035
92.09	-3.035
92.1	-3.062
92.11	-3.123
92.12	-3.131
92.13	-3.152
92.16	-3.115
92.17	-3.124
92.18	-3.108
92.19	-3.113
92.2	-3.103
92.22	-3.048
92.24	-3.042
92.25	-3.062
92.26	-3.043
92.27	-3.044
92.3	-3.001
92.32	-2.933
92.33	-2.921
92.34	-2.974
92.35	-2.964
92.36	-2.966
92.37	-2.952
92.38	-2.966
92.4	-2.908
92.41	-2.933
92.42	-2.938
92.43	-2.892
92.44	-2.893
92.45	-2.855
92.47	-2.853
92.48	-2.891
92.49	-2.862
92.5	-2.905
92.51	-2.894
92.52	-2.891
92.53	-2.903
92.54	-2.902
92.56	-2.939
92.57	-2.954
92.58	-2.912
92.59	-2.939
92.61	-2.935
92.63	-2.846
92.64	-2.874
92.65	-2.873
92.66	-2.846
92.68	-2.875
92.7	-2.891
92.71	-2.866
92.73	-2.871
92.74	-2.822
92.76	-2.844
92.77	-2.842
92.78	-2.819
92.79	-2.827
92.8	-2.783
92.82	-2.782
92.83	-2.73
92.84	-2.749
92.85	-2.785
92.86	-2.775
92.87	-2.752
92.88	-2.746
92.89	-2.756
92.9	-2.778
92.91	-2.768
92.92	-2.781
92.93	-2.759
92.94	-2.754
92.95	-2.765
92.96	-2.755
92.97	-2.818
92.98	-2.761
93.01	-2.811
93.02	-2.806
93.03	-2.844
93.05	-2.813
93.06	-2.774
93.07	-2.813
93.08	-2.823
93.09	-2.815
93.1	-2.84
93.12	-2.86
93.13	-2.857
93.14	-2.865
93.15	-2.904
93.16	-2.92
93.17	-2.89
93.18	-2.879
93.21	-2.806
93.22	-2.813
93.24	-2.807
93.25	-2.819
93.26	-2.766
93.27	-2.812
93.28	-2.808
93.29	-2.772
93.3	-2.786
93.31	-2.77
93.32	-2.815
93.33	-2.803
93.35	-2.839
93.36	-2.838
93.37	-2.848
93.38	-2.848
93.4	-2.828
93.41	-2.794
93.43	-2.803
93.45	-2.867
93.46	-2.828
93.47	-2.75
93.48	-2.773
93.5	-2.762
93.51	-2.789
93.52	-2.754
93.54	-2.757
93.57	-2.646
93.59	-2.723
93.6	-2.722
93.62	-2.755
93.63	-2.763
93.65	-2.797
93.67	-2.766
93.68	-2.822
93.69	-2.81
93.7	-2.809
93.72	-2.875
93.73	-2.866
93.75	-2.876
93.76	-2.902
93.77	-2.89
93.78	-2.906
93.79	-2.912
93.8	-2.941
93.81	-2.918
93.82	-2.926
93.83	-2.923
93.84	-2.934
93.85	-2.923
93.87	-3.016
93.88	-3.001
93.9	-3.097
93.91	-3.08
93.92	-3.047
93.94	-3.025
93.95	-2.998
93.96	-2.994
93.97	-2.978
93.98	-2.982
93.99	-3.015
94	-3.003
94.02	-3.036
94.07	-3.145
94.08	-3.155
94.09	-3.148
94.1	-3.126
94.11	-3.147
94.12	-3.073
94.13	-3.053
94.14	-3.076
94.15	-3.115
94.16	-3.101
94.17	-3.077
94.18	-3.032
94.19	-3.019
94.2	-3.047
94.21	-3.047
94.23	-3.097
94.24	-3.089
94.25	-3.107
94.26	-3.135
94.27	-3.131
94.28	-3.154
94.29	-3.149
94.3	-3.133
94.31	-3.146
94.32	-3.106
94.33	-3.104
94.34	-3.053
94.35	-3.092
94.37	-3.127
94.38	-3.115
94.39	-3.135
94.4	-3.122
94.42	-3.171
94.43	-3.144
94.44	-3.157
94.45	-3.149
94.46	-3.127
94.47	-3.126
94.48	-3.115
94.49	-3.145
94.5	-3.151
94.51	-3.178
94.52	-3.171
94.53	-3.157
94.54	-3.165
94.55	-3.151
94.56	-3.157
94.57	-3.149
94.59	-3.099
94.61	-3.136
94.62	-3.144
94.63	-3.172
94.64	-3.15
94.65	-3.165
94.67	-3.104
94.68	-3.123
94.69	-3.088
94.7	-3.079
94.71	-3.096
94.73	-3.094
94.74	-3.107
94.75	-3.143
94.76	-3.143
94.77	-3.19
94.78	-3.172
94.81	-3.221
94.82	-3.197
94.83	-3.212
94.84	-3.214
94.85	-3.209
94.86	-3.146
94.88	-3.122
94.9	-3.158
94.92	-3.113
94.93	-3.141
94.94	-3.12
94.95	-3.127
94.96	-3.107
94.97	-3.104
94.99	-3.143
95	-3.111
95.01	-3.115
95.02	-3.081
95.04	-3.053
95.05	-3.077
95.06	-3.034
95.07	-3.041
95.08	-2.991
95.09	-3.01
95.1	-3.008
95.12	-2.96
95.13	-2.927
95.14	-2.927
95.17	-2.973
95.19	-2.951
95.21	-2.987
95.24	-2.974
95.25	-3.004
95.26	-3.005
95.27	-3.012
95.28	-3.004
95.29	-3.028
95.3	-3.026
95.32	-2.976
95.34	-2.981
95.35	-3.019
95.36	-3.003
95.37	-3.018
95.39	-2.988
95.4	-2.982
95.41	-3.003
95.42	-3.002
95.43	-2.987
95.44	-2.954
95.45	-2.98
95.46	-2.931
95.47	-2.969
95.49	-2.982
95.5	-2.984
95.51	-3.006
95.52	-3.009
95.54	-3.061
95.55	-3.054
95.56	-3.082
95.57	-3.009
95.58	-2.98
95.59	-3.036
95.6	-3.029
95.61	-3.003
95.62	-3.036
95.63	-3.025
95.64	-3.039
95.65	-2.989
95.66	-3.029
95.67	-3.091
95.68	-3.069
95.69	-3.102
95.7	-3.082
95.71	-3.132
95.72	-3.11
95.74	-3.164
95.75	-3.133
95.76	-3.191
95.77	-3.197
95.78	-3.194
95.79	-3.181
95.81	-3.183
95.82	-3.163
95.83	-3.174
95.84	-3.13
95.85	-3.159
95.87	-3.129
95.88	-3.14
95.89	-3.14
95.9	-3.147
95.92	-3.122
95.93	-3.097
95.94	-3.097
95.96	-3.037
95.97	-3.047
95.98	-3.03
95.99	-2.994
96	-2.979
96.01	-2.984
96.02	-2.967
96.03	-2.962
96.04	-3.022
96.05	-2.998
96.06	-3.019
96.08	-2.99
96.09	-2.995
96.1	-2.977
96.12	-2.918
96.13	-2.943
96.15	-2.945
96.16	-2.888
96.17	-2.885
96.18	-2.815
96.19	-2.84
96.2	-2.833
96.21	-2.8
96.25	-2.773
96.27	-2.705
96.28	-2.719
96.3	-2.803
96.31	-2.82
96.34	-2.804
96.35	-2.826
96.36	-2.863
96.37	-2.842
96.38	-2.845
96.39	-2.825
96.4	-2.834
96.41	-2.863
96.42	-2.822
96.43	-2.85
96.45	-2.776
96.46	-2.789
96.47	-2.784
96.48	-2.757
96.49	-2.759
96.5	-2.742
96.51	-2.748
96.52	-2.761
96.53	-2.766
96.54	-2.797
96.55	-2.79
96.56	-2.826
96.57	-2.805
96.58	-2.802
96.59	-2.758
96.6	-2.755
96.61	-2.791
96.62	-2.762
96.63	-2.794
96.64	-2.772
96.66	-2.775
96.67	-2.738
96.68	-2.791
96.69	-2.786
96.7	-2.768
96.71	-2.804
96.72	-2.776
96.73	-2.794
96.74	-2.797
96.75	-2.792
96.76	-2.751
96.77	-2.764
96.78	-2.716
96.79	-2.713
96.8	-2.705
96.81	-2.715
96.83	-2.705
96.84	-2.729
96.85	-2.738
96.86	-2.734
96.87	-2.718
96.88	-2.718
96.89	-2.695
96.91	-2.732
96.92	-2.727
96.93	-2.71
96.94	-2.713
96.95	-2.669
96.96	-2.661
96.97	-2.639
96.98	-2.662
96.99	-2.631
97.01	-2.629
97.02	-2.638
97.04	-2.68
97.05	-2.661
97.06	-2.661
97.07	-2.682
97.08	-2.661
97.09	-2.68
97.11	-2.618
97.12	-2.554
97.13	-2.557
97.15	-2.649
97.16	-2.628
97.17	-2.623
97.18	-2.629
97.19	-2.618
97.2	-2.653
97.21	-2.627
97.22	-2.624
97.23	-2.631
97.24	-2.63
97.25	-2.663
97.26	-2.669
97.27	-2.666
97.29	-2.645
97.3	-2.646
97.33	-2.76
97.34	-2.798
97.35	-2.792
97.36	-2.772
97.37	-2.806
97.38	-2.809
97.39	-2.791
97.4	-2.806
97.42	-2.784
97.43	-2.792
97.44	-2.824
97.46	-2.791
97.47	-2.826
97.48	-2.813
97.49	-2.82
97.51	-2.861
97.52	-2.846
97.53	-2.84
97.54	-2.875
97.55	-2.877
97.56	-2.898
97.57	-2.901
97.58	-2.951
97.59	-2.969
97.6	-2.967
97.61	-2.946
97.62	-2.967
97.63	-2.955
97.64	-2.968
97.65	-2.958
97.66	-2.961
97.67	-2.981
97.68	-2.979
97.69	-3.015
97.71	-3.014
97.72	-3.032
97.73	-3.021
97.76	-3.079
97.77	-3.061
97.78	-3.027
97.79	-3.04
97.8	-3.03
97.81	-3.055
97.82	-2.994
97.83	-3.013
97.84	-3.057
97.85	-3.076
97.87	-3.157
97.88	-3.187
97.89	-3.169
97.9	-3.183
97.92	-3.186
97.93	-3.171
97.94	-3.19
97.96	-3.188
97.97	-3.2
97.99	-3.196
98.01	-3.194
98.02	-3.25
98.03	-3.239
98.04	-3.244
98.06	-3.218
98.08	-3.235
98.09	-3.172
98.12	-3.147
98.13	-3.117
98.14	-3.122
98.15	-3.071
98.16	-3.081
98.17	-3.045
98.18	-3.061
98.21	-3.022
98.22	-3.022
98.24	-3.049
98.25	-3.045
98.27	-3.109
98.28	-3.111
98.29	-3.048
98.3	-3.052
98.31	-3.032
98.32	-3.046
98.34	-3.003
98.35	-3
98.36	-3.009
98.37	-3.051
98.38	-3.047
98.39	-3.062
98.4	-3.018
98.41	-3.036
98.42	-2.978
98.44	-3.017
98.45	-3.024
98.46	-3.052
98.47	-3.057
98.48	-3.069
98.5	-3.126
98.53	-3.056
98.54	-3.055
98.55	-3.07
98.56	-3.045
98.57	-3.043
98.58	-3.03
98.6	-3.04
98.61	-3.06
98.62	-3.011
98.63	-3.047
98.64	-3.051
98.66	-3.09
98.67	-3.067
98.68	-3.078
98.69	-3.08
98.7	-3.063
98.72	-3.097
98.73	-3.069
98.74	-3.078
98.75	-3.067
98.76	-3.027
98.77	-3.028
98.78	-3.038
98.79	-3.021
98.8	-3.03
98.81	-3.002
98.82	-2.921
98.83	-2.908
98.84	-2.937
98.85	-2.982
98.86	-2.992
98.87	-3.021
98.89	-3.036
98.9	-3.031
98.91	-3.051
98.92	-3.039
98.94	-3.034
98.95	-3.071
98.96	-3.006
98.98	-2.988
99.01	-2.928
99.02	-2.925
99.03	-2.901
99.04	-2.916
99.06	-2.838
99.07	-2.859
99.09	-2.971
99.1	-2.983
99.11	-2.94
99.12	-2.942
99.13	-2.893
99.16	-2.957
99.17	-2.953
99.19	-2.965
99.2	-2.926
99.21	-2.927
99.22	-2.969
99.23	-2.952
99.24	-2.953
99.25	-2.978
99.26	-3.042
99.28	-3.1
99.29	-3.074
99.3	-3.108
99.31	-3.104
99.32	-3.079
99.34	-2.994
99.35	-2.987
99.38	-2.892
99.39	-2.888
99.41	-2.797
99.42	-2.802
99.43	-2.837
99.44	-2.83
99.45	-2.865
99.46	-2.87
99.47	-2.799
99.49	-2.902
99.5	-2.894
99.51	-2.878
99.53	-2.815
99.54	-2.806
99.57	-2.726
99.58	-2.726
99.63	-2.659
99.64	-2.681
99.66	-2.7
99.67	-2.724
99.68	-2.714
99.7	-2.764
99.73	-2.724
99.74	-2.693
99.75	-2.707
99.76	-2.68
99.77	-2.68
99.78	-2.705
99.79	-2.743
99.8	-2.736
99.81	-2.716
99.82	-2.729
99.83	-2.706
99.85	-2.76
99.86	-2.739
99.87	-2.731
99.88	-2.746
99.9	-2.672
99.91	-2.676
99.92	-2.673
99.94	-2.643
99.95	-2.645
99.96	-2.633
99.98	-2.631
100	-2.677
